Language_ID,Feature_ID,Value
Akup,feature_0,0
Buter,feature_0,0
Dufou,feature_0,0
Emot,feature_0,0
Kiu,feature_0,0
Kovala,feature_0,0
Lusei,feature_0,0
Oso,feature_0,0
Puota,feature_0,0
Relenin,feature_0,976
Sotok,feature_0,0
Tetosur,feature_0,0
Usimi,feature_0,976
Voe,feature_0,0
Vusodur,feature_0,0
Zeba,feature_0,0
Zufe,feature_0,0
Akup,feature_1,1
Buter,feature_1,1
Dufou,feature_1,1
Emot,feature_1,1
Kiu,feature_1,1
Kovala,feature_1,1
Lusei,feature_1,1
Oso,feature_1,1
Puota,feature_1,1
Relenin,feature_1,1
Sotok,feature_1,1
Tetosur,feature_1,1
Usimi,feature_1,1
Voe,feature_1,1
Vusodur,feature_1,1
Zeba,feature_1,1
Zufe,feature_1,1
Akup,feature_10,10
Buter,feature_10,599
Dufou,feature_10,10
Emot,feature_10,599
Kiu,feature_10,10
Kovala,feature_10,10
Lusei,feature_10,599
Oso,feature_10,10
Puota,feature_10,10
Relenin,feature_10,10
Sotok,feature_10,599
Tetosur,feature_10,10
Usimi,feature_10,10
Voe,feature_10,1691
Vusodur,feature_10,10
Zeba,feature_10,10
Zufe,feature_10,10
Akup,feature_11,11
Buter,feature_11,11
Dufou,feature_11,11
Emot,feature_11,11
Kiu,feature_11,11
Kovala,feature_11,11
Lusei,feature_11,11
Oso,feature_11,11
Puota,feature_11,11
Relenin,feature_11,980
Sotok,feature_11,11
Tetosur,feature_11,11
Usimi,feature_11,980
Voe,feature_11,11
Vusodur,feature_11,11
Zeba,feature_11,11
Zufe,feature_11,11
Akup,feature_12,12
Buter,feature_12,251
Dufou,feature_12,12
Emot,feature_12,251
Kiu,feature_12,251
Kovala,feature_12,12
Lusei,feature_12,251
Oso,feature_12,12
Puota,feature_12,12
Relenin,feature_12,12
Sotok,feature_12,251
Tetosur,feature_12,251
Usimi,feature_12,12
Voe,feature_12,1692
Vusodur,feature_12,251
Zeba,feature_12,12
Zufe,feature_12,12
Akup,feature_13,13
Buter,feature_13,13
Dufou,feature_13,13
Emot,feature_13,13
Kiu,feature_13,13
Kovala,feature_13,13
Lusei,feature_13,13
Oso,feature_13,13
Puota,feature_13,13
Relenin,feature_13,13
Sotok,feature_13,1524
Tetosur,feature_13,13
Usimi,feature_13,13
Voe,feature_13,1693
Vusodur,feature_13,13
Zeba,feature_13,1842
Zufe,feature_13,13
Akup,feature_14,14
Buter,feature_14,14
Dufou,feature_14,1178
Emot,feature_14,14
Kiu,feature_14,1252
Kovala,feature_14,14
Lusei,feature_14,14
Oso,feature_14,14
Puota,feature_14,14
Relenin,feature_14,14
Sotok,feature_14,14
Tetosur,feature_14,14
Usimi,feature_14,14
Voe,feature_14,14
Vusodur,feature_14,14
Zeba,feature_14,1843
Zufe,feature_14,14
Akup,feature_15,494
Buter,feature_15,600
Dufou,feature_15,1179
Emot,feature_15,600
Kiu,feature_15,15
Kovala,feature_15,494
Lusei,feature_15,600
Oso,feature_15,15
Puota,feature_15,494
Relenin,feature_15,981
Sotok,feature_15,600
Tetosur,feature_15,1584
Usimi,feature_15,981
Voe,feature_15,15
Vusodur,feature_15,15
Zeba,feature_15,15
Zufe,feature_15,494
Akup,feature_16,16
Buter,feature_16,601
Dufou,feature_16,16
Emot,feature_16,601
Kiu,feature_16,16
Kovala,feature_16,16
Lusei,feature_16,601
Oso,feature_16,16
Puota,feature_16,16
Relenin,feature_16,982
Sotok,feature_16,601
Tetosur,feature_16,16
Usimi,feature_16,982
Voe,feature_16,16
Vusodur,feature_16,1770
Zeba,feature_16,16
Zufe,feature_16,16
Akup,feature_17,17
Buter,feature_17,602
Dufou,feature_17,17
Emot,feature_17,602
Kiu,feature_17,17
Kovala,feature_17,17
Lusei,feature_17,602
Oso,feature_17,17
Puota,feature_17,17
Relenin,feature_17,983
Sotok,feature_17,602
Tetosur,feature_17,17
Usimi,feature_17,983
Voe,feature_17,17
Vusodur,feature_17,17
Zeba,feature_17,1844
Zufe,feature_17,17
Akup,feature_18,18
Buter,feature_18,18
Dufou,feature_18,1180
Emot,feature_18,18
Kiu,feature_18,18
Kovala,feature_18,18
Lusei,feature_18,18
Oso,feature_18,18
Puota,feature_18,18
Relenin,feature_18,984
Sotok,feature_18,18
Tetosur,feature_18,18
Usimi,feature_18,984
Voe,feature_18,1694
Vusodur,feature_18,1771
Zeba,feature_18,1845
Zufe,feature_18,18
Akup,feature_19,19
Buter,feature_19,252
Dufou,feature_19,1181
Emot,feature_19,252
Kiu,feature_19,252
Kovala,feature_19,19
Lusei,feature_19,252
Oso,feature_19,19
Puota,feature_19,19
Relenin,feature_19,19
Sotok,feature_19,252
Tetosur,feature_19,252
Usimi,feature_19,19
Voe,feature_19,1695
Vusodur,feature_19,252
Zeba,feature_19,19
Zufe,feature_19,19
Akup,feature_2,2
Buter,feature_2,2
Dufou,feature_2,2
Emot,feature_2,2
Kiu,feature_2,2
Kovala,feature_2,2
Lusei,feature_2,2
Oso,feature_2,2
Puota,feature_2,2
Relenin,feature_2,2
Sotok,feature_2,2
Tetosur,feature_2,2
Usimi,feature_2,2
Voe,feature_2,2
Vusodur,feature_2,2
Zeba,feature_2,2
Zufe,feature_2,2
Akup,feature_20,720
Buter,feature_20,20
Dufou,feature_20,495
Emot,feature_20,20
Kiu,feature_20,1253
Kovala,feature_20,720
Lusei,feature_20,20
Oso,feature_20,20
Puota,feature_20,720
Relenin,feature_20,985
Sotok,feature_20,20
Tetosur,feature_20,20
Usimi,feature_20,985
Voe,feature_20,20
Vusodur,feature_20,1772
Zeba,feature_20,20
Zufe,feature_20,720
Akup,feature_21,496
Buter,feature_21,21
Dufou,feature_21,1182
Emot,feature_21,21
Kiu,feature_21,436
Kovala,feature_21,496
Lusei,feature_21,21
Oso,feature_21,21
Puota,feature_21,496
Relenin,feature_21,986
Sotok,feature_21,21
Tetosur,feature_21,1585
Usimi,feature_21,986
Voe,feature_21,21
Vusodur,feature_21,1773
Zeba,feature_21,21
Zufe,feature_21,496
Akup,feature_22,1059
Buter,feature_22,22
Dufou,feature_22,1183
Emot,feature_22,22
Kiu,feature_22,22
Kovala,feature_22,374
Lusei,feature_22,22
Oso,feature_22,22
Puota,feature_22,374
Relenin,feature_22,987
Sotok,feature_22,22
Tetosur,feature_22,1586
Usimi,feature_22,987
Voe,feature_22,1696
Vusodur,feature_22,22
Zeba,feature_22,1846
Zufe,feature_22,374
Akup,feature_23,721
Buter,feature_23,1116
Dufou,feature_23,23
Emot,feature_23,603
Kiu,feature_23,1254
Kovala,feature_23,721
Lusei,feature_23,1360
Oso,feature_23,23
Puota,feature_23,721
Relenin,feature_23,988
Sotok,feature_23,1525
Tetosur,feature_23,437
Usimi,feature_23,988
Voe,feature_23,1697
Vusodur,feature_23,1774
Zeba,feature_23,23
Zufe,feature_23,721
Akup,feature_24,375
Buter,feature_24,604
Dufou,feature_24,1184
Emot,feature_24,785
Kiu,feature_24,253
Kovala,feature_24,935
Lusei,feature_24,785
Oso,feature_24,24
Puota,feature_24,375
Relenin,feature_24,989
Sotok,feature_24,604
Tetosur,feature_24,1587
Usimi,feature_24,989
Voe,feature_24,24
Vusodur,feature_24,253
Zeba,feature_24,1847
Zufe,feature_24,935
Akup,feature_25,198
Buter,feature_25,674
Dufou,feature_25,198
Emot,feature_25,605
Kiu,feature_25,254
Kovala,feature_25,198
Lusei,feature_25,1361
Oso,feature_25,25
Puota,feature_25,198
Relenin,feature_25,990
Sotok,feature_25,674
Tetosur,feature_25,254
Usimi,feature_25,990
Voe,feature_25,1698
Vusodur,feature_25,254
Zeba,feature_25,198
Zufe,feature_25,198
Akup,feature_26,722
Buter,feature_26,26
Dufou,feature_26,1185
Emot,feature_26,26
Kiu,feature_26,1255
Kovala,feature_26,722
Lusei,feature_26,26
Oso,feature_26,100
Puota,feature_26,722
Relenin,feature_26,26
Sotok,feature_26,1526
Tetosur,feature_26,26
Usimi,feature_26,26
Voe,feature_26,26
Vusodur,feature_26,1775
Zeba,feature_26,1848
Zufe,feature_26,1919
Akup,feature_27,1060
Buter,feature_27,606
Dufou,feature_27,314
Emot,feature_27,786
Kiu,feature_27,1256
Kovala,feature_27,314
Lusei,feature_27,786
Oso,feature_27,27
Puota,feature_27,314
Relenin,feature_27,27
Sotok,feature_27,606
Tetosur,feature_27,255
Usimi,feature_27,27
Voe,feature_27,1699
Vusodur,feature_27,1776
Zeba,feature_27,1849
Zufe,feature_27,314
Akup,feature_28,723
Buter,feature_28,607
Dufou,feature_28,1186
Emot,feature_28,607
Kiu,feature_28,28
Kovala,feature_28,1318
Lusei,feature_28,1362
Oso,feature_28,28
Puota,feature_28,723
Relenin,feature_28,991
Sotok,feature_28,607
Tetosur,feature_28,1588
Usimi,feature_28,991
Voe,feature_28,1700
Vusodur,feature_28,1777
Zeba,feature_28,1850
Zufe,feature_28,723
Akup,feature_29,1061
Buter,feature_29,675
Dufou,feature_29,29
Emot,feature_29,608
Kiu,feature_29,29
Kovala,feature_29,724
Lusei,feature_29,608
Oso,feature_29,29
Puota,feature_29,724
Relenin,feature_29,1479
Sotok,feature_29,1527
Tetosur,feature_29,29
Usimi,feature_29,992
Voe,feature_29,29
Vusodur,feature_29,29
Zeba,feature_29,1851
Zufe,feature_29,724
Akup,feature_3,3
Buter,feature_3,3
Dufou,feature_3,3
Emot,feature_3,3
Kiu,feature_3,3
Kovala,feature_3,3
Lusei,feature_3,3
Oso,feature_3,3
Puota,feature_3,3
Relenin,feature_3,3
Sotok,feature_3,3
Tetosur,feature_3,3
Usimi,feature_3,3
Voe,feature_3,3
Vusodur,feature_3,3
Zeba,feature_3,3
Zufe,feature_3,3
Akup,feature_30,316
Buter,feature_30,609
Dufou,feature_30,1187
Emot,feature_30,609
Kiu,feature_30,1257
Kovala,feature_30,316
Lusei,feature_30,609
Oso,feature_30,30
Puota,feature_30,316
Relenin,feature_30,993
Sotok,feature_30,609
Tetosur,feature_30,553
Usimi,feature_30,993
Voe,feature_30,1701
Vusodur,feature_30,30
Zeba,feature_30,1852
Zufe,feature_30,316
Akup,feature_31,725
Buter,feature_31,256
Dufou,feature_31,1188
Emot,feature_31,882
Kiu,feature_31,1258
Kovala,feature_31,725
Lusei,feature_31,256
Oso,feature_31,31
Puota,feature_31,725
Relenin,feature_31,31
Sotok,feature_31,256
Tetosur,feature_31,1589
Usimi,feature_31,31
Voe,feature_31,1702
Vusodur,feature_31,1778
Zeba,feature_31,1853
Zufe,feature_31,725
Akup,feature_32,1062
Buter,feature_32,1117
Dufou,feature_32,1189
Emot,feature_32,610
Kiu,feature_32,150
Kovala,feature_32,150
Lusei,feature_32,610
Oso,feature_32,32
Puota,feature_32,1423
Relenin,feature_32,1480
Sotok,feature_32,1528
Tetosur,feature_32,150
Usimi,feature_32,994
Voe,feature_32,1703
Vusodur,feature_32,1779
Zeba,feature_32,1854
Zufe,feature_32,1920
Akup,feature_33,1063
Buter,feature_33,1118
Dufou,feature_33,377
Emot,feature_33,611
Kiu,feature_33,1259
Kovala,feature_33,377
Lusei,feature_33,611
Oso,feature_33,33
Puota,feature_33,377
Relenin,feature_33,995
Sotok,feature_33,1529
Tetosur,feature_33,1590
Usimi,feature_33,1653
Voe,feature_33,1704
Vusodur,feature_33,439
Zeba,feature_33,377
Zufe,feature_33,377
Akup,feature_34,1064
Buter,feature_34,34
Dufou,feature_34,378
Emot,feature_34,787
Kiu,feature_34,1260
Kovala,feature_34,726
Lusei,feature_34,1363
Oso,feature_34,34
Puota,feature_34,1424
Relenin,feature_34,996
Sotok,feature_34,34
Tetosur,feature_34,1591
Usimi,feature_34,996
Voe,feature_34,34
Vusodur,feature_34,1780
Zeba,feature_34,1855
Zufe,feature_34,1921
Akup,feature_35,1065
Buter,feature_35,677
Dufou,feature_35,1190
Emot,feature_35,788
Kiu,feature_35,1261
Kovala,feature_35,1319
Lusei,feature_35,1364
Oso,feature_35,35
Puota,feature_35,840
Relenin,feature_35,35
Sotok,feature_35,1530
Tetosur,feature_35,1592
Usimi,feature_35,1654
Voe,feature_35,1705
Vusodur,feature_35,1781
Zeba,feature_35,1856
Zufe,feature_35,840
Akup,feature_36,728
Buter,feature_36,1119
Dufou,feature_36,1191
Emot,feature_36,883
Kiu,feature_36,1262
Kovala,feature_36,1320
Lusei,feature_36,1365
Oso,feature_36,36
Puota,feature_36,1425
Relenin,feature_36,997
Sotok,feature_36,613
Tetosur,feature_36,1593
Usimi,feature_36,1655
Voe,feature_36,1706
Vusodur,feature_36,1782
Zeba,feature_36,1857
Zufe,feature_36,728
Akup,feature_37,498
Buter,feature_37,614
Dufou,feature_37,1192
Emot,feature_37,884
Kiu,feature_37,1263
Kovala,feature_37,1321
Lusei,feature_37,1366
Oso,feature_37,101
Puota,feature_37,841
Relenin,feature_37,1481
Sotok,feature_37,614
Tetosur,feature_37,1594
Usimi,feature_37,998
Voe,feature_37,1707
Vusodur,feature_37,442
Zeba,feature_37,1858
Zufe,feature_37,1922
Akup,feature_38,729
Buter,feature_38,1120
Dufou,feature_38,1193
Emot,feature_38,885
Kiu,feature_38,1264
Kovala,feature_38,729
Lusei,feature_38,789
Oso,feature_38,38
Puota,feature_38,1426
Relenin,feature_38,999
Sotok,feature_38,678
Tetosur,feature_38,1595
Usimi,feature_38,999
Voe,feature_38,1708
Vusodur,feature_38,1783
Zeba,feature_38,1859
Zufe,feature_38,1923
Akup,feature_39,730
Buter,feature_39,1121
Dufou,feature_39,1194
Emot,feature_39,886
Kiu,feature_39,1265
Kovala,feature_39,730
Lusei,feature_39,1367
Oso,feature_39,39
Puota,feature_39,730
Relenin,feature_39,1000
Sotok,feature_39,615
Tetosur,feature_39,259
Usimi,feature_39,1656
Voe,feature_39,1709
Vusodur,feature_39,259
Zeba,feature_39,1860
Zufe,feature_39,1924
Akup,feature_4,4
Buter,feature_4,4
Dufou,feature_4,4
Emot,feature_4,4
Kiu,feature_4,4
Kovala,feature_4,4
Lusei,feature_4,4
Oso,feature_4,4
Puota,feature_4,4
Relenin,feature_4,977
Sotok,feature_4,4
Tetosur,feature_4,4
Usimi,feature_4,977
Voe,feature_4,4
Vusodur,feature_4,4
Zeba,feature_4,4
Zufe,feature_4,4
Akup,feature_40,731
Buter,feature_40,260
Dufou,feature_40,1195
Emot,feature_40,260
Kiu,feature_40,1266
Kovala,feature_40,1322
Lusei,feature_40,260
Oso,feature_40,40
Puota,feature_40,731
Relenin,feature_40,1001
Sotok,feature_40,1531
Tetosur,feature_40,1596
Usimi,feature_40,1001
Voe,feature_40,1710
Vusodur,feature_40,444
Zeba,feature_40,381
Zufe,feature_40,731
Akup,feature_41,732
Buter,feature_41,1122
Dufou,feature_41,1196
Emot,feature_41,887
Kiu,feature_41,445
Kovala,feature_41,732
Lusei,feature_41,1368
Oso,feature_41,41
Puota,feature_41,1427
Relenin,feature_41,1002
Sotok,feature_41,1532
Tetosur,feature_41,1597
Usimi,feature_41,1002
Voe,feature_41,1711
Vusodur,feature_41,1784
Zeba,feature_41,382
Zufe,feature_41,732
Akup,feature_42,1066
Buter,feature_42,1123
Dufou,feature_42,1197
Emot,feature_42,888
Kiu,feature_42,446
Kovala,feature_42,936
Lusei,feature_42,791
Oso,feature_42,102
Puota,feature_42,1428
Relenin,feature_42,1003
Sotok,feature_42,616
Tetosur,feature_42,1598
Usimi,feature_42,1003
Voe,feature_42,1712
Vusodur,feature_42,1785
Zeba,feature_42,1861
Zufe,feature_42,1925
Akup,feature_43,734
Buter,feature_43,617
Dufou,feature_43,1198
Emot,feature_43,617
Kiu,feature_43,1267
Kovala,feature_43,734
Lusei,feature_43,1369
Oso,feature_43,43
Puota,feature_43,1429
Relenin,feature_43,1004
Sotok,feature_43,1533
Tetosur,feature_43,447
Usimi,feature_43,1004
Voe,feature_43,1713
Vusodur,feature_43,1786
Zeba,feature_43,1862
Zufe,feature_43,1926
Akup,feature_44,503
Buter,feature_44,618
Dufou,feature_44,503
Emot,feature_44,889
Kiu,feature_44,448
Kovala,feature_44,1323
Lusei,feature_44,1370
Oso,feature_44,103
Puota,feature_44,503
Relenin,feature_44,1005
Sotok,feature_44,1534
Tetosur,feature_44,1599
Usimi,feature_44,1005
Voe,feature_44,1714
Vusodur,feature_44,1787
Zeba,feature_44,1863
Zufe,feature_44,503
Akup,feature_45,735
Buter,feature_45,1124
Dufou,feature_45,1199
Emot,feature_45,793
Kiu,feature_45,1268
Kovala,feature_45,843
Lusei,feature_45,1371
Oso,feature_45,45
Puota,feature_45,1430
Relenin,feature_45,1006
Sotok,feature_45,679
Tetosur,feature_45,1600
Usimi,feature_45,1006
Voe,feature_45,1715
Vusodur,feature_45,204
Zeba,feature_45,1864
Zufe,feature_45,843
Akup,feature_46,1067
Buter,feature_46,1125
Dufou,feature_46,1200
Emot,feature_46,794
Kiu,feature_46,1269
Kovala,feature_46,504
Lusei,feature_46,1372
Oso,feature_46,104
Puota,feature_46,504
Relenin,feature_46,1007
Sotok,feature_46,1535
Tetosur,feature_46,1601
Usimi,feature_46,1657
Voe,feature_46,1716
Vusodur,feature_46,449
Zeba,feature_46,1865
Zufe,feature_46,504
Akup,feature_47,505
Buter,feature_47,1126
Dufou,feature_47,1201
Emot,feature_47,890
Kiu,feature_47,1270
Kovala,feature_47,1324
Lusei,feature_47,1373
Oso,feature_47,47
Puota,feature_47,1431
Relenin,feature_47,1008
Sotok,feature_47,621
Tetosur,feature_47,1602
Usimi,feature_47,1658
Voe,feature_47,1717
Vusodur,feature_47,1788
Zeba,feature_47,1866
Zufe,feature_47,1927
Akup,feature_48,736
Buter,feature_48,1127
Dufou,feature_48,1202
Emot,feature_48,891
Kiu,feature_48,1271
Kovala,feature_48,844
Lusei,feature_48,795
Oso,feature_48,105
Puota,feature_48,1432
Relenin,feature_48,1482
Sotok,feature_48,1536
Tetosur,feature_48,1603
Usimi,feature_48,1009
Voe,feature_48,1718
Vusodur,feature_48,1789
Zeba,feature_48,1867
Zufe,feature_48,844
Akup,feature_49,1068
Buter,feature_49,1128
Dufou,feature_49,1203
Emot,feature_49,623
Kiu,feature_49,452
Kovala,feature_49,1325
Lusei,feature_49,1374
Oso,feature_49,49
Puota,feature_49,507
Relenin,feature_49,1483
Sotok,feature_49,1537
Tetosur,feature_49,1604
Usimi,feature_49,1010
Voe,feature_49,1719
Vusodur,feature_49,1790
Zeba,feature_49,1868
Zufe,feature_49,1928
Akup,feature_5,5
Buter,feature_5,5
Dufou,feature_5,5
Emot,feature_5,5
Kiu,feature_5,5
Kovala,feature_5,5
Lusei,feature_5,5
Oso,feature_5,5
Puota,feature_5,5
Relenin,feature_5,978
Sotok,feature_5,5
Tetosur,feature_5,5
Usimi,feature_5,978
Voe,feature_5,5
Vusodur,feature_5,5
Zeba,feature_5,5
Zufe,feature_5,5
Akup,feature_50,1069
Buter,feature_50,1129
Dufou,feature_50,389
Emot,feature_50,892
Kiu,feature_50,1272
Kovala,feature_50,938
Lusei,feature_50,1375
Oso,feature_50,106
Puota,feature_50,737
Relenin,feature_50,1011
Sotok,feature_50,1538
Tetosur,feature_50,1605
Usimi,feature_50,1659
Voe,feature_50,1720
Vusodur,feature_50,1791
Zeba,feature_50,1869
Zufe,feature_50,1929
Akup,feature_51,1070
Buter,feature_51,1130
Dufou,feature_51,1204
Emot,feature_51,893
Kiu,feature_51,1273
Kovala,feature_51,845
Lusei,feature_51,1376
Oso,feature_51,107
Puota,feature_51,1433
Relenin,feature_51,1484
Sotok,feature_51,1539
Tetosur,feature_51,1606
Usimi,feature_51,1012
Voe,feature_51,1721
Vusodur,feature_51,1792
Zeba,feature_51,1870
Zufe,feature_51,1930
Akup,feature_52,1071
Buter,feature_52,682
Dufou,feature_52,1205
Emot,feature_52,894
Kiu,feature_52,1274
Kovala,feature_52,939
Lusei,feature_52,1377
Oso,feature_52,108
Puota,feature_52,1434
Relenin,feature_52,1485
Sotok,feature_52,682
Tetosur,feature_52,1607
Usimi,feature_52,1013
Voe,feature_52,1722
Vusodur,feature_52,1793
Zeba,feature_52,1871
Zufe,feature_52,1931
Akup,feature_53,740
Buter,feature_53,1131
Dufou,feature_53,1206
Emot,feature_53,627
Kiu,feature_53,1275
Kovala,feature_53,1326
Lusei,feature_53,1378
Oso,feature_53,109
Puota,feature_53,1435
Relenin,feature_53,1014
Sotok,feature_53,1540
Tetosur,feature_53,1608
Usimi,feature_53,1660
Voe,feature_53,1723
Vusodur,feature_53,1794
Zeba,feature_53,1872
Zufe,feature_53,1932
Akup,feature_54,1072
Buter,feature_54,1132
Dufou,feature_54,1207
Emot,feature_54,895
Kiu,feature_54,1276
Kovala,feature_54,393
Lusei,feature_54,1379
Oso,feature_54,110
Puota,feature_54,1436
Relenin,feature_54,1486
Sotok,feature_54,1541
Tetosur,feature_54,561
Usimi,feature_54,1661
Voe,feature_54,1724
Vusodur,feature_54,1795
Zeba,feature_54,1873
Zufe,feature_54,1933
Akup,feature_55,1073
Buter,feature_55,1133
Dufou,feature_55,1208
Emot,feature_55,896
Kiu,feature_55,1277
Kovala,feature_55,1327
Lusei,feature_55,1380
Oso,feature_55,111
Puota,feature_55,1437
Relenin,feature_55,1016
Sotok,feature_55,1542
Tetosur,feature_55,1609
Usimi,feature_55,1016
Voe,feature_55,1725
Vusodur,feature_55,1796
Zeba,feature_55,1874
Zufe,feature_55,741
Akup,feature_56,1074
Buter,feature_56,1134
Dufou,feature_56,1209
Emot,feature_56,630
Kiu,feature_56,1278
Kovala,feature_56,742
Lusei,feature_56,1381
Oso,feature_56,112
Puota,feature_56,1438
Relenin,feature_56,1487
Sotok,feature_56,1543
Tetosur,feature_56,1610
Usimi,feature_56,1017
Voe,feature_56,1726
Vusodur,feature_56,1797
Zeba,feature_56,1875
Zufe,feature_56,742
Akup,feature_57,1075
Buter,feature_57,1135
Dufou,feature_57,511
Emot,feature_57,800
Kiu,feature_57,563
Kovala,feature_57,940
Lusei,feature_57,1382
Oso,feature_57,57
Puota,feature_57,1439
Relenin,feature_57,1018
Sotok,feature_57,631
Tetosur,feature_57,1611
Usimi,feature_57,1662
Voe,feature_57,1727
Vusodur,feature_57,1798
Zeba,feature_57,1876
Zufe,feature_57,940
Akup,feature_58,1076
Buter,feature_58,1136
Dufou,feature_58,1210
Emot,feature_58,897
Kiu,feature_58,1279
Kovala,feature_58,941
Lusei,feature_58,1383
Oso,feature_58,113
Puota,feature_58,1440
Relenin,feature_58,1019
Sotok,feature_58,1544
Tetosur,feature_58,1612
Usimi,feature_58,1663
Voe,feature_58,1728
Vusodur,feature_58,1799
Zeba,feature_58,1877
Zufe,feature_58,1934
Akup,feature_59,1077
Buter,feature_59,1137
Dufou,feature_59,1211
Emot,feature_59,898
Kiu,feature_59,565
Kovala,feature_59,1328
Lusei,feature_59,1384
Oso,feature_59,59
Puota,feature_59,1441
Relenin,feature_59,1488
Sotok,feature_59,686
Tetosur,feature_59,1613
Usimi,feature_59,1020
Voe,feature_59,1729
Vusodur,feature_59,1800
Zeba,feature_59,1878
Zufe,feature_59,1935
Akup,feature_6,6
Buter,feature_6,598
Dufou,feature_6,6
Emot,feature_6,598
Kiu,feature_6,435
Kovala,feature_6,6
Lusei,feature_6,598
Oso,feature_6,6
Puota,feature_6,6
Relenin,feature_6,6
Sotok,feature_6,598
Tetosur,feature_6,435
Usimi,feature_6,6
Voe,feature_6,6
Vusodur,feature_6,435
Zeba,feature_6,6
Zufe,feature_6,6
Akup,feature_60,746
Buter,feature_60,1138
Dufou,feature_60,1212
Emot,feature_60,899
Kiu,feature_60,460
Kovala,feature_60,942
Lusei,feature_60,1385
Oso,feature_60,114
Puota,feature_60,1442
Relenin,feature_60,1489
Sotok,feature_60,1545
Tetosur,feature_60,1614
Usimi,feature_60,1664
Voe,feature_60,1730
Vusodur,feature_60,1801
Zeba,feature_60,1879
Zufe,feature_60,1936
Akup,feature_61,1078
Buter,feature_61,1139
Dufou,feature_61,1213
Emot,feature_61,900
Kiu,feature_61,1280
Kovala,feature_61,943
Lusei,feature_61,1386
Oso,feature_61,115
Puota,feature_61,848
Relenin,feature_61,1490
Sotok,feature_61,1546
Tetosur,feature_61,1615
Usimi,feature_61,1022
Voe,feature_61,1731
Vusodur,feature_61,1802
Zeba,feature_61,1880
Zufe,feature_61,943
Akup,feature_62,1079
Buter,feature_62,1140
Dufou,feature_62,1214
Emot,feature_62,901
Kiu,feature_62,1281
Kovala,feature_62,1329
Lusei,feature_62,1387
Oso,feature_62,116
Puota,feature_62,1443
Relenin,feature_62,1023
Sotok,feature_62,1547
Tetosur,feature_62,1616
Usimi,feature_62,1665
Voe,feature_62,1732
Vusodur,feature_62,1803
Zeba,feature_62,1881
Zufe,feature_62,1937
Akup,feature_63,1080
Buter,feature_63,1141
Dufou,feature_63,1215
Emot,feature_63,902
Kiu,feature_63,1282
Kovala,feature_63,1330
Lusei,feature_63,1388
Oso,feature_63,117
Puota,feature_63,1444
Relenin,feature_63,1491
Sotok,feature_63,1548
Tetosur,feature_63,1617
Usimi,feature_63,1666
Voe,feature_63,1733
Vusodur,feature_63,1804
Zeba,feature_63,1882
Zufe,feature_63,1938
Akup,feature_64,1081
Buter,feature_64,1142
Dufou,feature_64,1216
Emot,feature_64,903
Kiu,feature_64,1283
Kovala,feature_64,946
Lusei,feature_64,1389
Oso,feature_64,118
Puota,feature_64,1445
Relenin,feature_64,1492
Sotok,feature_64,1549
Tetosur,feature_64,1618
Usimi,feature_64,1667
Voe,feature_64,1734
Vusodur,feature_64,1805
Zeba,feature_64,1883
Zufe,feature_64,1939
Akup,feature_65,1082
Buter,feature_65,1143
Dufou,feature_65,1217
Emot,feature_65,904
Kiu,feature_65,1284
Kovala,feature_65,947
Lusei,feature_65,1390
Oso,feature_65,119
Puota,feature_65,1446
Relenin,feature_65,1493
Sotok,feature_65,1550
Tetosur,feature_65,1619
Usimi,feature_65,1025
Voe,feature_65,1735
Vusodur,feature_65,1806
Zeba,feature_65,1884
Zufe,feature_65,947
Akup,feature_66,1083
Buter,feature_66,1144
Dufou,feature_66,1218
Emot,feature_66,809
Kiu,feature_66,1285
Kovala,feature_66,1331
Lusei,feature_66,1391
Oso,feature_66,120
Puota,feature_66,1447
Relenin,feature_66,1026
Sotok,feature_66,1551
Tetosur,feature_66,1620
Usimi,feature_66,1668
Voe,feature_66,1736
Vusodur,feature_66,1807
Zeba,feature_66,1885
Zufe,feature_66,948
Akup,feature_67,1084
Buter,feature_67,1145
Dufou,feature_67,1219
Emot,feature_67,905
Kiu,feature_67,1286
Kovala,feature_67,1332
Lusei,feature_67,810
Oso,feature_67,121
Puota,feature_67,1448
Relenin,feature_67,1494
Sotok,feature_67,1552
Tetosur,feature_67,1621
Usimi,feature_67,1669
Voe,feature_67,1737
Vusodur,feature_67,1808
Zeba,feature_67,1886
Zufe,feature_67,949
Akup,feature_68,1085
Buter,feature_68,1146
Dufou,feature_68,1220
Emot,feature_68,906
Kiu,feature_68,1287
Kovala,feature_68,950
Lusei,feature_68,1392
Oso,feature_68,122
Puota,feature_68,1449
Relenin,feature_68,1495
Sotok,feature_68,1553
Tetosur,feature_68,1622
Usimi,feature_68,1670
Voe,feature_68,1738
Vusodur,feature_68,1809
Zeba,feature_68,1887
Zufe,feature_68,1940
Akup,feature_69,1086
Buter,feature_69,1147
Dufou,feature_69,1221
Emot,feature_69,907
Kiu,feature_69,1288
Kovala,feature_69,1333
Lusei,feature_69,1393
Oso,feature_69,123
Puota,feature_69,1450
Relenin,feature_69,1496
Sotok,feature_69,1554
Tetosur,feature_69,1623
Usimi,feature_69,1671
Voe,feature_69,1739
Vusodur,feature_69,1810
Zeba,feature_69,1888
Zufe,feature_69,1941
Akup,feature_7,7
Buter,feature_7,7
Dufou,feature_7,7
Emot,feature_7,7
Kiu,feature_7,7
Kovala,feature_7,7
Lusei,feature_7,7
Oso,feature_7,7
Puota,feature_7,7
Relenin,feature_7,7
Sotok,feature_7,7
Tetosur,feature_7,7
Usimi,feature_7,7
Voe,feature_7,7
Vusodur,feature_7,7
Zeba,feature_7,7
Zufe,feature_7,7
Akup,feature_70,756
Buter,feature_70,1148
Dufou,feature_70,1222
Emot,feature_70,908
Kiu,feature_70,1289
Kovala,feature_70,1334
Lusei,feature_70,1394
Oso,feature_70,124
Puota,feature_70,1451
Relenin,feature_70,1497
Sotok,feature_70,1555
Tetosur,feature_70,1624
Usimi,feature_70,1030
Voe,feature_70,1740
Vusodur,feature_70,1811
Zeba,feature_70,1889
Zufe,feature_70,1942
Akup,feature_71,1087
Buter,feature_71,1149
Dufou,feature_71,1223
Emot,feature_71,909
Kiu,feature_71,1290
Kovala,feature_71,953
Lusei,feature_71,1395
Oso,feature_71,125
Puota,feature_71,1452
Relenin,feature_71,1498
Sotok,feature_71,1556
Tetosur,feature_71,1625
Usimi,feature_71,1031
Voe,feature_71,1741
Vusodur,feature_71,1812
Zeba,feature_71,1890
Zufe,feature_71,1943
Akup,feature_72,1088
Buter,feature_72,1150
Dufou,feature_72,1224
Emot,feature_72,910
Kiu,feature_72,1291
Kovala,feature_72,1335
Lusei,feature_72,1396
Oso,feature_72,72
Puota,feature_72,1453
Relenin,feature_72,1499
Sotok,feature_72,1557
Tetosur,feature_72,1626
Usimi,feature_72,1672
Voe,feature_72,1742
Vusodur,feature_72,1813
Zeba,feature_72,1891
Zufe,feature_72,1944
Akup,feature_73,1089
Buter,feature_73,1151
Dufou,feature_73,1225
Emot,feature_73,911
Kiu,feature_73,1292
Kovala,feature_73,856
Lusei,feature_73,1397
Oso,feature_73,126
Puota,feature_73,1454
Relenin,feature_73,1033
Sotok,feature_73,1558
Tetosur,feature_73,1627
Usimi,feature_73,1673
Voe,feature_73,1743
Vusodur,feature_73,1814
Zeba,feature_73,1892
Zufe,feature_73,1945
Akup,feature_74,1090
Buter,feature_74,1152
Dufou,feature_74,1226
Emot,feature_74,912
Kiu,feature_74,1293
Kovala,feature_74,1336
Lusei,feature_74,1398
Oso,feature_74,74
Puota,feature_74,857
Relenin,feature_74,1500
Sotok,feature_74,1559
Tetosur,feature_74,1628
Usimi,feature_74,1674
Voe,feature_74,1744
Vusodur,feature_74,1815
Zeba,feature_74,1893
Zufe,feature_74,1946
Akup,feature_75,1091
Buter,feature_75,1153
Dufou,feature_75,1227
Emot,feature_75,817
Kiu,feature_75,1294
Kovala,feature_75,1337
Lusei,feature_75,1399
Oso,feature_75,127
Puota,feature_75,858
Relenin,feature_75,1501
Sotok,feature_75,1560
Tetosur,feature_75,1629
Usimi,feature_75,1675
Voe,feature_75,1745
Vusodur,feature_75,1816
Zeba,feature_75,1894
Zufe,feature_75,955
Akup,feature_76,1092
Buter,feature_76,1154
Dufou,feature_76,1228
Emot,feature_76,913
Kiu,feature_76,1295
Kovala,feature_76,1338
Lusei,feature_76,1400
Oso,feature_76,128
Puota,feature_76,1455
Relenin,feature_76,1502
Sotok,feature_76,1561
Tetosur,feature_76,1630
Usimi,feature_76,1676
Voe,feature_76,1746
Vusodur,feature_76,1817
Zeba,feature_76,1895
Zufe,feature_76,1947
Akup,feature_77,1093
Buter,feature_77,1155
Dufou,feature_77,1229
Emot,feature_77,914
Kiu,feature_77,1296
Kovala,feature_77,957
Lusei,feature_77,1401
Oso,feature_77,129
Puota,feature_77,1456
Relenin,feature_77,1503
Sotok,feature_77,1562
Tetosur,feature_77,1631
Usimi,feature_77,1677
Voe,feature_77,1747
Vusodur,feature_77,1818
Zeba,feature_77,1896
Zufe,feature_77,1948
Akup,feature_78,1094
Buter,feature_78,1156
Dufou,feature_78,1230
Emot,feature_78,915
Kiu,feature_78,1297
Kovala,feature_78,861
Lusei,feature_78,1402
Oso,feature_78,130
Puota,feature_78,1457
Relenin,feature_78,1504
Sotok,feature_78,1563
Tetosur,feature_78,1632
Usimi,feature_78,1037
Voe,feature_78,1748
Vusodur,feature_78,1819
Zeba,feature_78,1897
Zufe,feature_78,1949
Akup,feature_79,1095
Buter,feature_79,1157
Dufou,feature_79,1231
Emot,feature_79,916
Kiu,feature_79,1298
Kovala,feature_79,1339
Lusei,feature_79,1403
Oso,feature_79,131
Puota,feature_79,1458
Relenin,feature_79,1505
Sotok,feature_79,1564
Tetosur,feature_79,1633
Usimi,feature_79,1678
Voe,feature_79,1749
Vusodur,feature_79,1820
Zeba,feature_79,1898
Zufe,feature_79,1950
Akup,feature_8,8
Buter,feature_8,8
Dufou,feature_8,1177
Emot,feature_8,8
Kiu,feature_8,8
Kovala,feature_8,8
Lusei,feature_8,8
Oso,feature_8,8
Puota,feature_8,8
Relenin,feature_8,8
Sotok,feature_8,8
Tetosur,feature_8,8
Usimi,feature_8,8
Voe,feature_8,8
Vusodur,feature_8,8
Zeba,feature_8,1841
Zufe,feature_8,8
Akup,feature_80,1096
Buter,feature_80,1158
Dufou,feature_80,1232
Emot,feature_80,917
Kiu,feature_80,1299
Kovala,feature_80,1340
Lusei,feature_80,1404
Oso,feature_80,132
Puota,feature_80,1459
Relenin,feature_80,1506
Sotok,feature_80,1565
Tetosur,feature_80,1634
Usimi,feature_80,1039
Voe,feature_80,1750
Vusodur,feature_80,1821
Zeba,feature_80,1899
Zufe,feature_80,1951
Akup,feature_81,1097
Buter,feature_81,1159
Dufou,feature_81,1233
Emot,feature_81,918
Kiu,feature_81,1300
Kovala,feature_81,1341
Lusei,feature_81,1405
Oso,feature_81,133
Puota,feature_81,1460
Relenin,feature_81,1507
Sotok,feature_81,1566
Tetosur,feature_81,1635
Usimi,feature_81,1040
Voe,feature_81,1751
Vusodur,feature_81,1822
Zeba,feature_81,1900
Zufe,feature_81,1952
Akup,feature_82,1098
Buter,feature_82,1160
Dufou,feature_82,1234
Emot,feature_82,919
Kiu,feature_82,1301
Kovala,feature_82,1342
Lusei,feature_82,1406
Oso,feature_82,134
Puota,feature_82,1461
Relenin,feature_82,1041
Sotok,feature_82,1567
Tetosur,feature_82,1636
Usimi,feature_82,1679
Voe,feature_82,1752
Vusodur,feature_82,1823
Zeba,feature_82,1901
Zufe,feature_82,1953
Akup,feature_83,1099
Buter,feature_83,1161
Dufou,feature_83,1235
Emot,feature_83,920
Kiu,feature_83,1302
Kovala,feature_83,1343
Lusei,feature_83,1407
Oso,feature_83,135
Puota,feature_83,1462
Relenin,feature_83,1508
Sotok,feature_83,1568
Tetosur,feature_83,1637
Usimi,feature_83,1042
Voe,feature_83,1753
Vusodur,feature_83,1824
Zeba,feature_83,1902
Zufe,feature_83,962
Akup,feature_84,1100
Buter,feature_84,1162
Dufou,feature_84,1236
Emot,feature_84,921
Kiu,feature_84,1303
Kovala,feature_84,1344
Lusei,feature_84,1408
Oso,feature_84,136
Puota,feature_84,1463
Relenin,feature_84,1509
Sotok,feature_84,1569
Tetosur,feature_84,1638
Usimi,feature_84,1680
Voe,feature_84,1754
Vusodur,feature_84,1825
Zeba,feature_84,1903
Zufe,feature_84,1954
Akup,feature_85,1101
Buter,feature_85,1163
Dufou,feature_85,1237
Emot,feature_85,922
Kiu,feature_85,1304
Kovala,feature_85,1345
Lusei,feature_85,1409
Oso,feature_85,137
Puota,feature_85,1464
Relenin,feature_85,1510
Sotok,feature_85,1570
Tetosur,feature_85,1639
Usimi,feature_85,1681
Voe,feature_85,1755
Vusodur,feature_85,1826
Zeba,feature_85,1904
Zufe,feature_85,1955
Akup,feature_86,1102
Buter,feature_86,1164
Dufou,feature_86,1238
Emot,feature_86,827
Kiu,feature_86,1305
Kovala,feature_86,1346
Lusei,feature_86,1410
Oso,feature_86,138
Puota,feature_86,1465
Relenin,feature_86,1511
Sotok,feature_86,1571
Tetosur,feature_86,1640
Usimi,feature_86,1682
Voe,feature_86,1756
Vusodur,feature_86,1827
Zeba,feature_86,1905
Zufe,feature_86,1956
Akup,feature_87,1103
Buter,feature_87,1165
Dufou,feature_87,1239
Emot,feature_87,923
Kiu,feature_87,1306
Kovala,feature_87,1347
Lusei,feature_87,1411
Oso,feature_87,139
Puota,feature_87,1466
Relenin,feature_87,1046
Sotok,feature_87,1572
Tetosur,feature_87,1641
Usimi,feature_87,1683
Voe,feature_87,1757
Vusodur,feature_87,1828
Zeba,feature_87,1906
Zufe,feature_87,1957
Akup,feature_88,1104
Buter,feature_88,1166
Dufou,feature_88,1240
Emot,feature_88,924
Kiu,feature_88,1307
Kovala,feature_88,1348
Lusei,feature_88,1412
Oso,feature_88,140
Puota,feature_88,1467
Relenin,feature_88,1512
Sotok,feature_88,1573
Tetosur,feature_88,1642
Usimi,feature_88,1047
Voe,feature_88,1758
Vusodur,feature_88,1829
Zeba,feature_88,1907
Zufe,feature_88,1958
Akup,feature_89,1105
Buter,feature_89,1167
Dufou,feature_89,1241
Emot,feature_89,925
Kiu,feature_89,1308
Kovala,feature_89,1349
Lusei,feature_89,830
Oso,feature_89,141
Puota,feature_89,1468
Relenin,feature_89,1513
Sotok,feature_89,1574
Tetosur,feature_89,1643
Usimi,feature_89,1684
Voe,feature_89,1759
Vusodur,feature_89,1830
Zeba,feature_89,1908
Zufe,feature_89,1959
Akup,feature_9,197
Buter,feature_9,197
Dufou,feature_9,197
Emot,feature_9,197
Kiu,feature_9,197
Kovala,feature_9,197
Lusei,feature_9,197
Oso,feature_9,9
Puota,feature_9,197
Relenin,feature_9,979
Sotok,feature_9,197
Tetosur,feature_9,197
Usimi,feature_9,979
Voe,feature_9,197
Vusodur,feature_9,197
Zeba,feature_9,197
Zufe,feature_9,197
Akup,feature_90,1106
Buter,feature_90,1168
Dufou,feature_90,1242
Emot,feature_90,926
Kiu,feature_90,588
Kovala,feature_90,1350
Lusei,feature_90,1413
Oso,feature_90,142
Puota,feature_90,1469
Relenin,feature_90,1514
Sotok,feature_90,1575
Tetosur,feature_90,1644
Usimi,feature_90,1685
Voe,feature_90,1760
Vusodur,feature_90,1831
Zeba,feature_90,1909
Zufe,feature_90,1960
Akup,feature_91,1107
Buter,feature_91,1169
Dufou,feature_91,1243
Emot,feature_91,831
Kiu,feature_91,1309
Kovala,feature_91,1351
Lusei,feature_91,1414
Oso,feature_91,91
Puota,feature_91,1470
Relenin,feature_91,1515
Sotok,feature_91,1576
Tetosur,feature_91,1645
Usimi,feature_91,1686
Voe,feature_91,1761
Vusodur,feature_91,1832
Zeba,feature_91,1910
Zufe,feature_91,969
Akup,feature_92,1108
Buter,feature_92,1170
Dufou,feature_92,1244
Emot,feature_92,927
Kiu,feature_92,1310
Kovala,feature_92,1352
Lusei,feature_92,1415
Oso,feature_92,143
Puota,feature_92,1471
Relenin,feature_92,1516
Sotok,feature_92,1577
Tetosur,feature_92,1646
Usimi,feature_92,1687
Voe,feature_92,1762
Vusodur,feature_92,1833
Zeba,feature_92,1911
Zufe,feature_92,1961
Akup,feature_93,1109
Buter,feature_93,1171
Dufou,feature_93,1245
Emot,feature_93,928
Kiu,feature_93,1311
Kovala,feature_93,1353
Lusei,feature_93,1416
Oso,feature_93,144
Puota,feature_93,1472
Relenin,feature_93,1517
Sotok,feature_93,1578
Tetosur,feature_93,1647
Usimi,feature_93,1052
Voe,feature_93,1763
Vusodur,feature_93,1834
Zeba,feature_93,1912
Zufe,feature_93,971
Akup,feature_94,1110
Buter,feature_94,1172
Dufou,feature_94,1246
Emot,feature_94,929
Kiu,feature_94,1312
Kovala,feature_94,1354
Lusei,feature_94,1417
Oso,feature_94,145
Puota,feature_94,1473
Relenin,feature_94,1518
Sotok,feature_94,1579
Tetosur,feature_94,1648
Usimi,feature_94,1688
Voe,feature_94,1764
Vusodur,feature_94,1835
Zeba,feature_94,1913
Zufe,feature_94,1962
Akup,feature_95,1111
Buter,feature_95,1173
Dufou,feature_95,1247
Emot,feature_95,930
Kiu,feature_95,1313
Kovala,feature_95,1355
Lusei,feature_95,1418
Oso,feature_95,95
Puota,feature_95,1474
Relenin,feature_95,1519
Sotok,feature_95,1580
Tetosur,feature_95,1649
Usimi,feature_95,1054
Voe,feature_95,1765
Vusodur,feature_95,1836
Zeba,feature_95,1914
Zufe,feature_95,1963
Akup,feature_96,1112
Buter,feature_96,1174
Dufou,feature_96,1248
Emot,feature_96,931
Kiu,feature_96,1314
Kovala,feature_96,1356
Lusei,feature_96,1419
Oso,feature_96,146
Puota,feature_96,1475
Relenin,feature_96,1520
Sotok,feature_96,1581
Tetosur,feature_96,1650
Usimi,feature_96,1055
Voe,feature_96,1766
Vusodur,feature_96,1837
Zeba,feature_96,1915
Zufe,feature_96,1964
Akup,feature_97,1113
Buter,feature_97,1175
Dufou,feature_97,1249
Emot,feature_97,932
Kiu,feature_97,1315
Kovala,feature_97,1357
Lusei,feature_97,1420
Oso,feature_97,147
Puota,feature_97,1476
Relenin,feature_97,1521
Sotok,feature_97,1582
Tetosur,feature_97,595
Usimi,feature_97,1689
Voe,feature_97,1767
Vusodur,feature_97,1838
Zeba,feature_97,1916
Zufe,feature_97,1965
Akup,feature_98,1114
Buter,feature_98,1176
Dufou,feature_98,1250
Emot,feature_98,933
Kiu,feature_98,1316
Kovala,feature_98,1358
Lusei,feature_98,1421
Oso,feature_98,148
Puota,feature_98,1477
Relenin,feature_98,1522
Sotok,feature_98,718
Tetosur,feature_98,1651
Usimi,feature_98,1690
Voe,feature_98,1768
Vusodur,feature_98,1839
Zeba,feature_98,1917
Zufe,feature_98,1966
Akup,feature_99,1115
Buter,feature_99,719
Dufou,feature_99,1251
Emot,feature_99,934
Kiu,feature_99,1317
Kovala,feature_99,1359
Lusei,feature_99,1422
Oso,feature_99,149
Puota,feature_99,1478
Relenin,feature_99,1523
Sotok,feature_99,1583
Tetosur,feature_99,1652
Usimi,feature_99,1058
Voe,feature_99,1769
Vusodur,feature_99,1840
Zeba,feature_99,1918
Zufe,feature_99,1967
